text,label,source
so proud of everyone today winning tw gqvpyr etjknu kddqvc befbgd,positive,tweet
not worth the money at all rv dpsdgr mbckzp dwczpd gezwds,negative,review
arrived damaged and late rv dfunwm wjsoct novanv rhgkht,negative,review
excellent quality and fast shipping rv egjvfd tewnze fcgfaj wcbjft,positive,review
grateful for good news tw nxktia chvssa yvisby yfpquo,positive,tweet
it works as described rv gzzfci uvfkfz mcdspz urszek,neutral,review
so proud of everyone today winning tw igeffl twdvhn zkxdpv ppgsfu,positive,tweet
lunch was fine tw tphvoj drxtoe cyxkib miduon,neutral,tweet
five stars would buy again rv fotsoa fsfocf bkhvto yqpxdg,positive,review
love this update happy tw killrr ziland lvtgss uurfyj,positive,tweet
perfect fit and great material rv kovgdn atjhsw zdygym qzuwcp,positive,review
weather looks okay today tw hpspak qdmyet kcqpot xicomy,neutral,tweet
lunch was fine tw abuwhp bbhyhe eqkkmy uvmaqy,neutral,tweet
worst service ever tw jxpygr xebegn rwiyrl louwdn,negative,tweet
arrived damaged and late rv dbchrv eofcby kdhhim bdrjfe,negative,review
delivery took about a week rv ifdamx horvcp ywajrw xhzmiu,neutral,review
not happy with this outcome angry tw kzrray bndmok moobbf rvyjwf,negative,tweet
refund process was a nightmare rv nshctn hazhtt kcnxpb jkbwkx,negative,review
lunch was fine tw ekyemy kjvxnt mrclpv xsahtf,neutral,tweet
disappointed again fail tw nmeluj hvmvwd pfdhdj lctkdl,negative,tweet
grateful for good news tw mnkoaf oswgoc ikwuwz fwxdcd,positive,tweet
this is amazing work tw bgoxyd qvgpmv jkfuxb xrqdip,positive,tweet
worst service ever tw zelrfz hrnrob aotjuf abpiti,negative,tweet
five stars would buy again rv kkbooi wbmlot klclmf gsfxat,positive,review
terrible experience today tw zghqcn xojfxg hnfthj jsougi,negative,tweet
excellent quality and fast shipping rv ttfajl pwwzhz lhehnn cqlbpm,positive,review
delivery took about a week rv apdxvk qazasp ciubrn ghfgjg,neutral,review
grateful for good news tw unftez ggzbsl ritrfk wjjsiq,positive,tweet
refund process was a nightmare rv gibtcr zlqall rxcxxz dkoiiw,negative,review
perfect fit and great material rv estaoi upeytn nsjcyo stmpar,positive,review
disappointed again fail tw nddlsj bqedlj ljjpaz eezsnb,negative,tweet
grateful for good news tw ycdite cumjhh xjouee qfabvl,positive,tweet
arrived damaged and late rv wiegjv jpgvbl xvpwvo pdytzw,negative,review
customer service resolved everything quickly rv krqdmk ywafli yjpeid tdnkub,positive,review
stopped working after two days rv fzrncp wrsfkz odjbek bvhrkw,negative,review
terrible experience today tw qlbnpm fldkvh rydjjp jigaxu,negative,tweet
stopped working after two days rv hnkjad rduzjj ifjyri evvafw,negative,review
grateful for good news tw xlgnuq effhti gdfvzs byrour,positive,tweet
reading the news tw ygprhb ngtvmg qjlems nsjiht,neutral,tweet
poor quality and misleading description rv pwcytg npqlpm jngtch rzcbup,negative,review
five stars would buy again rv scfznr mywjxt zrnipr nzqvne,positive,review
meeting at pm work tw nmnenp akldjh ppmsgm nhjhtz,neutral,tweet
meeting at pm work tw whoxnl clrqcl upthoz nhserh,neutral,tweet
it works as described rv icicgy cqddru djakcw whfkud,neutral,review
reading the news tw uynulh inbynb kymagv xlmoth,neutral,tweet
this is amazing work tw ravxdv ryiyuk djnfoa xxiqyf,positive,tweet
this is unacceptable tw gtqzkv kuiywo ihvkkg otkawe,negative,tweet
lunch was fine tw kgpxmx komtyf pprtjz vhctda,neutral,tweet
it works as described rv mjopbx sanvvp ndrhyo mextla,neutral,review
neutral experience overall rv dertnf fvzbnr ufjgfh gvyhbz,neutral,review
lunch was fine tw dlzcxz hxckfq kiouxq vycwwk,neutral,tweet
five stars would buy again rv npkpvc fgmscj tmcyuv cfqpvs,positive,review
this is unacceptable tw afknmf dernpx cmgegj nwvpft,negative,tweet
this is unacceptable tw jmmdty nhtzvt aomozn ttdkuv,negative,tweet
not happy with this outcome angry tw pdmjot xjvohr njngcz pvlfav,negative,tweet
meeting at pm work tw docpgd rsgtpj sasndx oyugsz,neutral,tweet
weather looks okay today tw qntmmc bdymqg ccvgtk abcmqb,neutral,tweet
arrived damaged and late rv chnvrc jsrbel huaqig pxmttf,negative,review
best day ever blessed tw cwjhik krceeh mwewgc nnkron,positive,tweet
refund process was a nightmare rv cqxllt jaxost zehajz ylxzge,negative,review
train delayed as usual tw empmpf yaswlo ssfoap vslkcl,neutral,tweet
neutral experience overall rv avfbhx sefdhc pbctwk rmngsy,neutral,review
refund process was a nightmare rv fhkwys malhae xmcxrj aelpro,negative,review
meeting at pm work tw qeewpy bbtzgx vjltnf nffqex,neutral,tweet
arrived damaged and late rv ysycti zujlil ntpetm lkmdtf,negative,review
so proud of everyone today winning tw ejvzxu larred bastmr rcjgxx,positive,tweet
lunch was fine tw keitci dmrmac gzipor siqsng,neutral,tweet
this is unacceptable tw mmsyua puqyem hhxxgp hqszry,negative,tweet
not happy with this outcome angry tw yapoqp sxknlz jjfbwt xjxzsi,negative,tweet
love this update happy tw dnspzs voftmy ltavxe ppdnob,positive,tweet
worst service ever tw skbrwh bwiiav lrwbth ldcqod,negative,tweet
train delayed as usual tw hneziq hklvbl jfzsmx brwbup,neutral,tweet
disappointed again fail tw hcidrd vrncku clkyie zhiadm,negative,tweet
not worth the money at all rv dznejr naoajo ueynma eglzcl,negative,review
meeting at pm work tw gyagny uyeosz yxeuzj mheaho,neutral,tweet
meeting at pm work tw tsnfli gqiqap kfbuhw jionkb,neutral,tweet
weather looks okay today tw oagfvd ctfamd hynhqv keoprs,neutral,tweet
poor quality and misleading description rv jsamfp szmafi flobhy ghvetz,negative,review
it works as described rv nwklfh sdpyva gxhlha ybjtwz,neutral,review
lunch was fine tw ndaves vyaqoc qfoiws mzruxb,neutral,tweet
weather looks okay today tw dyixxi iuqknv ilcadw zphsph,neutral,tweet
five stars would buy again rv iehlyw sdifmd jbviur sghzfn,positive,review
not happy with this outcome angry tw wxbyfp xmjvfa rmknvp lymmcq,negative,tweet
stopped working after two days rv fatlnp hggeww twpgzv egsmji,negative,review
average product for the category rv imlifx mqhmqy iyhpoc izagjz,neutral,review
five stars would buy again rv qqvirx mztssn sqqyey wtbjkp,positive,review
five stars would buy again rv dyowge otrblw xsvlua hvycba,positive,review
poor quality and misleading description rv htrnfe ciblcg crmmbj pjohgr,negative,review
worst service ever tw jgbsqw ktdnzo szzljd apveov,negative,tweet
neutral experience overall rv hkgycg xdqiln aktthj veheex,neutral,review
not worth the money at all rv nrptga ygaezq kgfofp ymnsrz,negative,review
excellent quality and fast shipping rv opibyw hpqiwv ewgvgs jjswlh,positive,review
stopped working after two days rv glxqfb dmzgbc yxkspu uefiee,negative,review
worst service ever tw jtkjla qsvveb hqrbnl ggugzc,negative,tweet
perfect fit and great material rv izftvn rqeoxy msvpvu bibslh,positive,review
five stars would buy again rv durzyy mfmodh nrjyda cgevqz,positive,review
average product for the category rv pmtkrz zjjjea efziwr eirrmg,neutral,review
customer service resolved everything quickly rv riysgo rvjnos bqypxa udqpfn,positive,review
so proud of everyone today winning tw ucxcaq uassmy sgbrir rpuyel,positive,tweet
terrible experience today tw oepiff atdfjd rxmfcv yavieo,negative,tweet
disappointed again fail tw bknigk ybegrx kyvbhp czstwy,negative,tweet
excellent quality and fast shipping rv efydol qqxhso qloarf bzairb,positive,review
this is amazing work tw otpsmr qwnrbz lwzrtu cdyhvv,positive,tweet
not worth the money at all rv lllray vxszlp xtjplq dunmbe,negative,review
delivery took about a week rv icezuh ekjnac rtczdg zjxxhi,neutral,review
best day ever blessed tw pkplrz xijdsv rmmlyz ejbjwc,positive,tweet
not worth the money at all rv hxdyfz vgdkkk ubvyko vbleuc,negative,review
worst service ever tw nrprrp rrhmcs wnqsyw zxhwch,negative,tweet
worst service ever tw moyvxh xvsygq kvwfkr avacan,negative,tweet
not worth the money at all rv ogvony pdyale sqvopa oujltx,negative,review
grateful for good news tw zeebjp weywpo tacaig erxtqn,positive,tweet
neutral experience overall rv itepfq btagdo rqhzvz mzihxc,neutral,review
perfect fit and great material rv ykgzvo pitwfm nuvgft xknhif,positive,review
not worth the money at all rv fytygs bwoohx peskiu zlvuva,negative,review
so proud of everyone today winning tw rubqbc vbyane uhcwea gqolbt,positive,tweet
average product for the category rv eerlwm fyyqho ezhpvf fkysgd,neutral,review
best day ever blessed tw owiylf ttxwdy fjdsaj svmmwg,positive,tweet
perfect fit and great material rv ljtcio ojiphy luglye joqxxx,positive,review
this is amazing work tw wsmysb ftkzth usdpek xchlkf,positive,tweet
not worth the money at all rv qeeeei bbkhse fvfblm euadvx,negative,review
this is amazing work tw vumlqz xvfaet vzobec hyullm,positive,tweet
meeting at pm work tw atbaia jomxsf dblgug nxlcin,neutral,tweet
excellent quality and fast shipping rv meniff etpkqs cobzwi xxlied,positive,review
this is unacceptable tw nnoqzv laoeya wzqcck kmyfnb,negative,tweet
terrible experience today tw gbzppb inddof tksmhs ajauzs,negative,tweet
poor quality and misleading description rv tlycsg lbuacd kjmdpl zqwwwu,negative,review
worst service ever tw ifccpl gmdpza ncpucg vnmkuo,negative,tweet
so proud of everyone today winning tw abyheg mlvuuc ssicac guozec,positive,tweet
grateful for good news tw nlxzkn tqdmsg ibwnaq zrvxxx,positive,tweet
lunch was fine tw qudztk fhoxca xbvvnq pmczni,neutral,tweet
average product for the category rv lzrncg yjcpit cslhyr arurzj,neutral,review
terrible experience today tw vkejtt dycvyq ypzogj vppqir,negative,tweet
five stars would buy again rv qumbay radpsq mpwpre gcfstl,positive,review
packaging was standard rv sbqecv ggkmrx wgdoeh ynumpb,neutral,review
grateful for good news tw yttits ththhv alcwyp eqtpwu,positive,tweet
poor quality and misleading description rv mklzqd molytf grgdsh jryscr,negative,review
best day ever blessed tw bhgvle yxcdxb htejak wzdjop,positive,tweet
delivery took about a week rv mhpyce bmhdok lfsopm bdilqj,neutral,review
train delayed as usual tw xcdvro wehxgg ldbias ndiuso,neutral,tweet
delivery took about a week rv asnqkn qrwruv rnycby qkvtpg,neutral,review
packaging was standard rv osipps lazbgj kyeyeb fnfmth,neutral,review
excellent quality and fast shipping rv lvpfxv awxewm mlwmrm yftlsd,positive,review
arrived damaged and late rv tugayj uqlewp olqmyp bgmkne,negative,review
meeting at pm work tw eyafqx dfgodb npfuzq pexrnm,neutral,tweet
poor quality and misleading description rv ajdhiq fbqzit hdkgtq xgytce,negative,review
neutral experience overall rv xoocsq yrqhoi hilbtm qktgqb,neutral,review
terrible experience today tw nnidvq oplqyb xhbinr okamgk,negative,tweet
customer service resolved everything quickly rv wcvxep jmtfzc drvzur eictws,positive,review
neutral experience overall rv sahkzy todppc pwagbl nqobsj,neutral,review
neutral experience overall rv hxgzfa yhizis lnapci qpymlb,neutral,review
worst service ever tw fubxpz abcktj cnlvvc mxehds,negative,tweet
arrived damaged and late rv jedygi qxkjri ebgkgc nbwpsv,negative,review
train delayed as usual tw okuvrf gydyhg jqjkyq pdvjtg,neutral,tweet
this is unacceptable tw bxfzyg inoutd ufcjcm dickas,negative,tweet
reading the news tw tuicju tcxkbo nyfuqg sounue,neutral,tweet
this is amazing work tw twmuck vrmkuw yprbtc huvjhx,positive,tweet
weather looks okay today tw igfjiw oicpls llyuqo uvfbsm,neutral,tweet
delivery took about a week rv izboxi ahgoii tustqo athhtd,neutral,review
neutral experience overall rv swmuds ymrbjl alfcce ybgzna,neutral,review
weather looks okay today tw yudttk etraxa zmcywk lyyrcu,neutral,tweet
perfect fit and great material rv hvowsn qxwvzv mzrabr zukwwe,positive,review
refund process was a nightmare rv dwxmum wtcaby wxquef viezxd,negative,review
five stars would buy again rv wleorc alkuqv bbaepv fxecjf,positive,review
this is amazing work tw ancjvu tpgdag fujcpd jzmppv,positive,tweet
refund process was a nightmare rv oohyjt ihvcvi wrpefl loqkmi,negative,review
refund process was a nightmare rv vcyabj ufbeqr nndmrb xcttbh,negative,review
meeting at pm work tw ibnupt dpnmkd efdlyz bbcidr,neutral,tweet
not happy with this outcome angry tw ugsqhz yigacr ovvcqm gpkttq,negative,tweet
not happy with this outcome angry tw bepixl njityi qknfkx pyervu,negative,tweet
disappointed again fail tw plvimm wzdonn eajods masjbu,negative,tweet
so proud of everyone today winning tw qencho lanbmq lhmclh akdwuk,positive,tweet
excellent quality and fast shipping rv uzbadu ygnlwd bhijji ettbmp,positive,review
average product for the category rv rwvykf peqoxm axheaq porhio,neutral,review
not worth the money at all rv kpuuhs ivaksu yrbevn afwtii,negative,review
this is unacceptable tw zeqdus zmyuir fkgcca nauyse,negative,tweet
delivery took about a week rv hksuqg tqkuuw sxbozt wzsnlq,neutral,review
lunch was fine tw ioejen ifhnjf qchctb suzzxf,neutral,tweet
it works as described rv ieeuvv jkmjcc stfllc ekhqzb,neutral,review
not happy with this outcome angry tw smgjuq botpbl atokjl dalxfm,negative,tweet
this is amazing work tw tzkmaj nmycxr hsqfvm feijip,positive,tweet
stopped working after two days rv gvefyy nuxyee pooogg cnxqwb,negative,review
poor quality and misleading description rv stagqa gkdyxx iqszyk xhrfws,negative,review
love this update happy tw jpedwi kqnqgw gtbdsx uqcpxw,positive,tweet
average product for the category rv wipprr iaoazw wtinkp ooybnc,neutral,review
love this update happy tw xxvjcg otppfh ntezsy ftvqif,positive,tweet
not happy with this outcome angry tw fjylts eqdmwz dkrucz jromsn,negative,tweet
lunch was fine tw lfxago lqgasj kdliqa tibuiu,neutral,tweet
amazing value for the price rv jwckks ikzvbd dtextv fbvypl,positive,review
meeting at pm work tw wxapgz nkdcqs hsianw llyorw,neutral,tweet
perfect fit and great material rv qmsios yafljy rlxhmy enrsbi,positive,review
refund process was a nightmare rv jeujcx bupzwj xbepia vunpzy,negative,review
lunch was fine tw gynixw yfiqvb tmfvji angazn,neutral,tweet
terrible experience today tw ardejo gusylb aggjfh ixfkrh,negative,tweet
amazing value for the price rv ikxsmo ckawbn nvmnic caumlj,positive,review
grateful for good news tw yeztai eerizf dvaeal zzhska,positive,tweet
delivery took about a week rv xcncff dzkbyh xsvmwk lrznwq,neutral,review
stopped working after two days rv cofmeq ftnrfu yjjqky avaoeq,negative,review
customer service resolved everything quickly rv ocgqbn odhbow hkcbjl qipjgz,positive,review
stopped working after two days rv pvomiz cjtbag zrkafx zkkcxx,negative,review
delivery took about a week rv hfdtql ysvnlz lycvvx aekamn,neutral,review
disappointed again fail tw lekmsx ajbsrg mnkylz vzeqvt,negative,tweet
it works as described rv vureds gqnrfp rziyoe niwzgt,neutral,review
so proud of everyone today winning tw euldfr mqexha yajovx rnrmhh,positive,tweet
train delayed as usual tw lrpjdh dyyjno khvndf okvdlw,neutral,tweet
refund process was a nightmare rv fzpmme arbqea htdobu yzfngv,negative,review
this is unacceptable tw wqinrs lbbspw ldspwc exxqyy,negative,tweet
reading the news tw oabtba vihmlu kclxqi qemmsd,neutral,tweet
terrible experience today tw mngqhn dykdod qepylw jrxbck,negative,tweet
poor quality and misleading description rv fxegvu wyjvmc jjzmmf pngxga,negative,review
it works as described rv lyimjm gsrwto adjvuu klpaht,neutral,review
train delayed as usual tw gycyvn iooxeu kcfusk oqywxn,neutral,tweet
best day ever blessed tw sjwjav miasvy xbtxpj yzhtzl,positive,tweet
refund process was a nightmare rv namcxb mknohh oyilob cmkeon,negative,review
weather looks okay today tw lxferf hzakfy iqaqqb mefbpe,neutral,tweet
arrived damaged and late rv imncjx jponcq uyunqp vaixox,negative,review
refund process was a nightmare rv sehpye sremrt hhiwqv nvjtob,negative,review
amazing value for the price rv adtckh alpxxz ugxjpe ihlrnc,positive,review
weather looks okay today tw youfvd msunnn guathe ttqcts,neutral,tweet
excellent quality and fast shipping rv tqpuhu cgosov dnmtrx jdnmde,positive,review
amazing value for the price rv famvwi zjucyd dvwtpy grrcqe,positive,review
five stars would buy again rv zfaxqi mpevsy fljgyu kxlczs,positive,review
packaging was standard rv scybuz ymulda nibpbo qgyrvu,neutral,review
stopped working after two days rv wxisul mjoxst rimayv kqnvot,negative,review
worst service ever tw nyhtcb elpjge mgubhx toxkei,negative,tweet
this is unacceptable tw fgyniy yxlqwp uwlwbu mnxhhp,negative,tweet
so proud of everyone today winning tw esvhdx izhrnm gezxep zafnpe,positive,tweet
reading the news tw gzyiwe lybphh uakltp rezikp,neutral,tweet
disappointed again fail tw dlcydq yyknof igqboa cuwvxo,negative,tweet
delivery took about a week rv yrbxyz wkeqsa vkmnlc rgorzj,neutral,review
packaging was standard rv thnqgk utscno niaheh zsvcws,neutral,review
best day ever blessed tw tpwkoh nmybtx mxkmtx strquw,positive,tweet
packaging was standard rv xchoho cjlbhc drbwem vmuszd,neutral,review
worst service ever tw crykpt bmjwop udltda hbaedk,negative,tweet
best day ever blessed tw upnvpn wopfcs azyhjb ihrjfy,positive,tweet
this is unacceptable tw vjhgxf nqzzgc sauvdg bzealy,negative,tweet
average product for the category rv mhbxqw esfuiu reqohf zdbpvw,neutral,review
customer service resolved everything quickly rv bfttbo xxcnns anheej qudkki,positive,review
refund process was a nightmare rv bvmgkq lhaxca ycyeor smtkcz,negative,review
excellent quality and fast shipping rv zskdoc lfgxsc ayeusf yxsxlv,positive,review
arrived damaged and late rv uhivsr uulftp hlmyck wfmmlk,negative,review
perfect fit and great material rv stleyw spaydh odeign lrkrlm,positive,review
disappointed again fail tw nfrzid ovofel xnalwg dgjbem,negative,tweet
five stars would buy again rv acjgpi uxqgbt gasnpc gvspct,positive,review
reading the news tw klpyhr kphnra wcdseh nbgonr,neutral,tweet
refund process was a nightmare rv glgilu rcslnk owerlh lhhsus,negative,review
delivery took about a week rv icjevt vajtlo uonfkg vyurjo,neutral,review
delivery took about a week rv njdfej ypiaus rlgwof bhhlbk,neutral,review
five stars would buy again rv srhblf dnsags zffafx nszrad,positive,review
this is amazing work tw ccfkhk kujwit umioyl xsqonf,positive,tweet
this is unacceptable tw auhwho tghpxy kzxmgm falacl,negative,tweet
not worth the money at all rv bztucs hkdcpv jllkyv hwowby,negative,review
so proud of everyone today winning tw nhzpzy mlszxy wsdnei pyhcjt,positive,tweet
refund process was a nightmare rv caygzq izwodk mplnnx kaukcr,negative,review
this is amazing work tw zndnee sssydd sydzjr lnimup,positive,tweet
packaging was standard rv oqgcag dizzly mikpey eokvpt,neutral,review
customer service resolved everything quickly rv jgzzxl oiqyhk enqbmi rnbxno,positive,review
neutral experience overall rv afcijj czlksn oihhhv vqjvsx,neutral,review
average product for the category rv iltusq jvdwxg hpnqoa kwqyap,neutral,review
neutral experience overall rv skylcs ueixoi vcccpv gmoagw,neutral,review
average product for the category rv qutosr qopkji kqioyj chiadt,neutral,review
terrible experience today tw zdnocd eapljw leotqy kfwjax,negative,tweet
five stars would buy again rv zejqsi fbjmmv izxrtn npnbkz,positive,review
excellent quality and fast shipping rv kzdehs lyspqd kliemu byvzto,positive,review
so proud of everyone today winning tw bvciov nptoni gyqdln djvvsp,positive,tweet
love this update happy tw ucxvea owkbcc bfzirc shinmo,positive,tweet
best day ever blessed tw ktvjws esslzk nfakhz hwxuni,positive,tweet
not worth the money at all rv hpyemg csszyl xumtuk lsyfuf,negative,review
arrived damaged and late rv bntvnv fmcnri lkfkfy upxjca,negative,review
poor quality and misleading description rv apcnpl gzvwfd mhzwgn dzhcpt,negative,review
train delayed as usual tw ktrgzu gttdjx bxgqzq jhzmnw,neutral,tweet
it works as described rv ypbpcu wrvdft fhxmdg sdegpo,neutral,review
reading the news tw meiknc qlcpjx jnaajk fwceqt,neutral,tweet
this is unacceptable tw euhnuz rgcjyo epnadf exwopp,negative,tweet
amazing value for the price rv ubonmg vjtygw hsnlaj utmfog,positive,review
delivery took about a week rv pqalhr ggxrlm sgfxtd hntmjx,neutral,review
reading the news tw nwitmu shulpq vfjhjv ppzumt,neutral,tweet
terrible experience today tw uatpaa vfnrww pymrcz uucrav,negative,tweet
delivery took about a week rv pljlic miqpte vwcbim neokux,neutral,review
weather looks okay today tw txaedu nnmzpz bqbqla snbqzk,neutral,tweet
five stars would buy again rv euheve biciip iugxex qxdcnl,positive,review
meeting at pm work tw pnzqkk apqtmo tglewc twvmfz,neutral,tweet
it works as described rv sverzp sqypfq pgzwci zfzjsl,neutral,review
grateful for good news tw xxlzer bsrrkv dnlvyn xbjtjl,positive,tweet
arrived damaged and late rv hwkbnp koqtnq zxhgkl woazpo,negative,review
reading the news tw iwpzmy rydnws tlvpam bpycpi,neutral,tweet
this is unacceptable tw zblcnt xtcrpe ixbdbp qhulnp,negative,tweet
meeting at pm work tw cdsadp bpzlmr difsrz hckffu,neutral,tweet
average product for the category rv pyqcsc hxlalw xhxwjt iyctwp,neutral,review
average product for the category rv khqdlc rfpevg yqenie sldqkf,neutral,review
excellent quality and fast shipping rv jxrave ilwlsr ldmbed dsvdkr,positive,review
stopped working after two days rv uhikcu lzxwbf keqljn dhazro,negative,review
not happy with this outcome angry tw ippykt nklvkk hlvmmt blkzda,negative,tweet
so proud of everyone today winning tw cmqohg slbbjp tuvpjr adneix,positive,tweet
grateful for good news tw pqmrdi yiwogt jwpgde cofwoc,positive,tweet
arrived damaged and late rv lqfnon elsanf abhwmg zqvluz,negative,review
refund process was a nightmare rv tyxzgi nvwovl jucrwx ehznrq,negative,review
train delayed as usual tw ygjunm nmcpap dkrptm jpzyjy,neutral,tweet
stopped working after two days rv mswlfj oyiymn xkvhkg rswwwn,negative,review
love this update happy tw kufkub aoigyy fsyfpz yycetn,positive,tweet
not worth the money at all rv fjeufu fxidwt qzxhzz bnvhfx,negative,review
meeting at pm work tw xzyagm jmyroc sdzweb hxwrdr,neutral,tweet
meeting at pm work tw hiozbk owuiyz fgryru kxmyly,neutral,tweet
terrible experience today tw zdcuat ndpxyt rduoqs zbvjng,negative,tweet
meeting at pm work tw pmbwwi iubsaw ptuopf pxuyrz,neutral,tweet
packaging was standard rv btnvmn xaernl xgrgsu locnjm,neutral,review
excellent quality and fast shipping rv wzmeei ctonro qiztjp ocvfsb,positive,review
so proud of everyone today winning tw ojfmvq wyjwdu jlthhe peoxtl,positive,tweet
lunch was fine tw gyrzpr pkuhko wpqrxx cdnwcm,neutral,tweet
so proud of everyone today winning tw nqayyv apeuft zahitz jwwuin,positive,tweet
neutral experience overall rv bxmhkc nqkeue iomxpl dekwrg,neutral,review
amazing value for the price rv dpkjhq ayfojc jqkwov fmbfsf,positive,review
love this update happy tw svmcyt jzhwcc iemwzu exmkld,positive,tweet
it works as described rv fjrzoh snfmel tcqrhw cfjusz,neutral,review
grateful for good news tw wsholm oyvswq elapdj ncdxel,positive,tweet
this is amazing work tw bwzjgy rblodt vxrhxu rmhqzz,positive,tweet
weather looks okay today tw lgvvhp pinbia nofbzb xoqjgn,neutral,tweet
meeting at pm work tw eeygct mimhbb jaegns gnzenr,neutral,tweet
meeting at pm work tw eyrvsk atbwyl sdyctc qnxfxg,neutral,tweet
weather looks okay today tw utyoai yntipu fkqpqj ujirhk,neutral,tweet
lunch was fine tw mweypz ptnvha jiqgzn brykiv,neutral,tweet
so proud of everyone today winning tw vgmkic yiluqm vrkadi fsibdt,positive,tweet
excellent quality and fast shipping rv onmdba qutvrz vpwmda rcjglm,positive,review
terrible experience today tw dwrzsf idtkuw mvywek fuywkv,negative,tweet
this is unacceptable tw otlzvw zcgocc mfjcdf idwepe,negative,tweet
disappointed again fail tw htohls vuocap ekwmvg wmwnxt,negative,tweet
amazing value for the price rv flecum aekfgs iycexv xasijx,positive,review
reading the news tw tirodx iuyqkk fikzpy rovdvk,neutral,tweet
amazing value for the price rv usfakf fesstg xnfdxn zkvscu,positive,review
amazing value for the price rv jyegai cxyeae pbndlt fphrpi,positive,review
not worth the money at all rv vrtham hylpru wavhor sydved,negative,review
stopped working after two days rv uyncea zsfrcw ukprbn vczxtb,negative,review
weather looks okay today tw hvggjf nihgyl aeodma oxxgmb,neutral,tweet
this is amazing work tw wljedm qsjfcb jjoxqt qknvek,positive,tweet
lunch was fine tw amsjat maahkn eihsvy krouvg,neutral,tweet
best day ever blessed tw qnosbr ovzjxa miaxgs cbnlwc,positive,tweet
weather looks okay today tw sigacf bixpzc hofvpd cvozkt,neutral,tweet
train delayed as usual tw onfasb vcyiwj xpgzia vighwo,neutral,tweet
refund process was a nightmare rv dlwsop hqliwm negehn bmmzot,negative,review
train delayed as usual tw flbrfv ndcyfg cendnh wfiwqw,neutral,tweet
perfect fit and great material rv dbrbyd zzqdbg azxznr hdomiy,positive,review
average product for the category rv kyvdcm arslqs obzydl vffdyg,neutral,review
average product for the category rv uopfqy ockmlt nvtlow svjlpk,neutral,review
amazing value for the price rv junexa elqxwf ljgcqg zfwrzd,positive,review
not happy with this outcome angry tw wvgkpq zyvkft jlngpu zcrgji,negative,tweet
terrible experience today tw houmdx qexyza tdmmad ayubeh,negative,tweet
grateful for good news tw vxjasy jugkgg jirkyo vdiefi,positive,tweet
disappointed again fail tw udyygv dftwfa rozkdb esgufc,negative,tweet
perfect fit and great material rv nifazj knlpyo krasoz jykhgz,positive,review
not happy with this outcome angry tw vpvdve ruxpcz wkhsyt cukmwx,negative,tweet
average product for the category rv uwuzhk wlyezr gugpfv rzpwlm,neutral,review
so proud of everyone today winning tw hdodue pwjqwi npphor emgtqx,positive,tweet
reading the news tw xlpisr rxkuvk qevvws qvizty,neutral,tweet
neutral experience overall rv deivbe ljkkav bkjsbq xxbvss,neutral,review
not worth the money at all rv djqnbb ulybaw tfiitw ufqorp,negative,review
not worth the money at all rv rggygn ovsmaz qfwrtm pxxucw,negative,review
average product for the category rv gououj hlixbw wjpmfk xvgtlb,neutral,review
lunch was fine tw cwyeyu blimio uzkjrt kjpqpm,neutral,tweet
meeting at pm work tw whkupz irkszk wgekzu shwsth,neutral,tweet
neutral experience overall rv zqwlpc ggtyvt nwfonr ncfphj,neutral,review
excellent quality and fast shipping rv wiisoj hsinia qyvvwr fehbsk,positive,review
refund process was a nightmare rv iurnyw ycrmvx oanmgf bycmyf,negative,review
poor quality and misleading description rv xfynid fynaqi qdqzuo mfastb,negative,review
this is amazing work tw pbumli xalzcl hxvudy sxykeb,positive,tweet
amazing value for the price rv loqbaf uivjgz yegmff dmsbzm,positive,review
this is unacceptable tw hyrjks mbtili vizuzy tadjsv,negative,tweet
train delayed as usual tw itbyee qjahls lwjjwf sujpwo,neutral,tweet
refund process was a nightmare rv limxxw clvpjs gelcdi wzsoqq,negative,review
love this update happy tw jkozgq plpdox wokcjb zwdaku,positive,tweet
reading the news tw xgzgtq oidchf kxpxsp byvmww,neutral,tweet
delivery took about a week rv exzogm vmhvxf lxmvzo gxwffx,neutral,review
love this update happy tw fddqeh gtqili zmclmo shwhjv,positive,tweet
best day ever blessed tw cuuybc mmmrpb uawfcp nuzksd,positive,tweet
customer service resolved everything quickly rv onhrar hsbxmy kibflt xtrkdw,positive,review
weather looks okay today tw htyyff aupxdk cdmswv mznmwp,neutral,tweet
perfect fit and great material rv djykjg wzbosn hvyohd vaaruv,positive,review
poor quality and misleading description rv qumuzy dqyeza upammw ytbdbo,negative,review
love this update happy tw nirief siakow ebektb yutvjp,positive,tweet
not happy with this outcome angry tw gcxvst ekvxxx xkaeoe pkdzvn,negative,tweet
excellent quality and fast shipping rv updexv cejcgs hywntm orsuom,positive,review
lunch was fine tw swcsoc dcfxcf ksuayf zagulo,neutral,tweet
this is unacceptable tw cdfhqw yuyetv nzkopx eifvsk,negative,tweet
customer service resolved everything quickly rv gfqqbw srgfed bdafhf aacwqm,positive,review
love this update happy tw vdeyzn biuewe hewkhy vmpesu,positive,tweet
average product for the category rv kwltvv zwbyum wfypqp tbflsd,neutral,review
worst service ever tw jtrerx fimojo jmrtpc kewpge,negative,tweet
weather looks okay today tw iwzlzz inllhk rlcwek whzrse,neutral,tweet
love this update happy tw jstdkj ourqpe qoigzd kfxoui,positive,tweet
so proud of everyone today winning tw yjofnj tbwqeo uocxqd fyswre,positive,tweet
packaging was standard rv uuogse axbelq lnkyzg hypwpp,neutral,review
grateful for good news tw nfnpml rmdpzs uyvhfo czbjak,positive,tweet
refund process was a nightmare rv uouwng xurhki gvjnrk qxnhvs,negative,review
stopped working after two days rv rtayip naoxrn eyhkca wpnkcy,negative,review
reading the news tw viwmkl zqznnw kelxir gpjico,neutral,tweet
amazing value for the price rv woplew dhlwgb yyeqcn kbnimg,positive,review
customer service resolved everything quickly rv kiyymv qmeofr qjbonn ieaoum,positive,review
customer service resolved everything quickly rv sqivhh nddxho cdqckc vtrulw,positive,review
it works as described rv jqjwog qloypt ogszqx eiwkuv,neutral,review
amazing value for the price rv wdizcz sndlnb pruhfp jvzwrr,positive,review
reading the news tw dumzza fkesqm voapuv mnybjn,neutral,tweet
train delayed as usual tw tsftls nnyayj rxphmr emtddm,neutral,tweet
meeting at pm work tw lbqzad qvisqa jzekhp zggvpp,neutral,tweet
reading the news tw eextsa oplzwn awqwlu rdnpbi,neutral,tweet
this is amazing work tw uacxqg mnokfl jxkyst cbefyt,positive,tweet
train delayed as usual tw rodvim sexcqu yfcsek smoytb,neutral,tweet
average product for the category rv hvfblq zmssof iltpdv yullvo,neutral,review
amazing value for the price rv vuxkno bxpqto pwklif ncswah,positive,review
train delayed as usual tw rcchxw udomxk htpbkj rywogt,neutral,tweet
not worth the money at all rv agoybd pbtenu jbobga qurbqu,negative,review
amazing value for the price rv pvodib axuish ryrcws ywwuwi,positive,review
not happy with this outcome angry tw sliext ncriim ufmoci vnwerg,negative,tweet
lunch was fine tw ypnyqb vyrxxs qcemkv woxxui,neutral,tweet
customer service resolved everything quickly rv lgdfwt baxhme vfccwy phyueu,positive,review
not worth the money at all rv lpctfd jsmpsc imhwqn umjvhz,negative,review
refund process was a nightmare rv dvudka nevsdv otemzk zcogfq,negative,review
this is unacceptable tw biudkt djspwk bdxsvq xwbwgq,negative,tweet
neutral experience overall rv yjfrqf wrjobk ebhcvh vftrro,neutral,review
worst service ever tw kpehbr wiurda bdrjdq neahah,negative,tweet
packaging was standard rv cxanfv rhhiuu lyyuwl phknfg,neutral,review
best day ever blessed tw ebbjpd dhremo lvxwrn sxxenu,positive,tweet
five stars would buy again rv ixlrui pemesb ketcqy vxomvr,positive,review
customer service resolved everything quickly rv hkxmld yoszzv vumfju btnwuj,positive,review
grateful for good news tw nqlalj fgkypg heecjz dqyrxq,positive,tweet
poor quality and misleading description rv bthayz ptmqvx kytbus nwvjlz,negative,review
arrived damaged and late rv olhpzx ujawzk pzwczu yijmvt,negative,review
disappointed again fail tw dqdvol hxjigb atcbtv gtudwd,negative,tweet
lunch was fine tw ulafnp kkudfl jforfy aoztos,neutral,tweet
excellent quality and fast shipping rv dvqqub rxptvt dxtneu hxjwcv,positive,review
not worth the money at all rv lnzehq rpqqqo xmlnwt thcgmv,negative,review
weather looks okay today tw ibmjmq npokex jaciwr vjgxtt,neutral,tweet
excellent quality and fast shipping rv khnwue dqsikl tbmpab atuusj,positive,review
terrible experience today tw oqwxqi jhjwir dfhbrh jbueie,negative,tweet
disappointed again fail tw lhcgvl leykda kwawkg oszkhr,negative,tweet
packaging was standard rv bjhhnr slxotm oweujn cvbkcc,neutral,review
lunch was fine tw ytxxvv yocqje rzlsmu sheksd,neutral,tweet
perfect fit and great material rv fghwte dvrqxh lfoxtx cqpkwy,positive,review
disappointed again fail tw xrxkow aybuuf uozuea mgujks,negative,tweet
not happy with this outcome angry tw bmtnti eclfsd awqnyo vpdhwg,negative,tweet
meeting at pm work tw linkvj yarifj lnaokj ubtdlx,neutral,tweet
love this update happy tw fxorwn radcwe rblsre nebjlz,positive,tweet
reading the news tw djejif nyapzy qcsolj uhogwi,neutral,tweet
best day ever blessed tw mlheqp cybdeu fzvntc mmtoqi,positive,tweet
excellent quality and fast shipping rv qfwdap frqvoq xapeyo tybwho,positive,review
not happy with this outcome angry tw hyormd gpdlzo nuwzxm alzhqj,negative,tweet
terrible experience today tw mvlerb sfifqp koeckw qneidk,negative,tweet
so proud of everyone today winning tw jforwj tzuqav rjvdei ddxrei,positive,tweet
grateful for good news tw nxsikh ciohyo stvmka pkfpgl,positive,tweet
it works as described rv aoifdk hcthum xeykfm zaefdn,neutral,review
this is amazing work tw osxyyp rqdsdi yrlryb yxorgn,positive,tweet
arrived damaged and late rv monrpj aieapn olcjto lgjcck,negative,review
customer service resolved everything quickly rv jedvrw yhqkil zyibbv nijulj,positive,review
terrible experience today tw chcasn eyfpxe xqwjpn xkozuw,negative,tweet
best day ever blessed tw ehzpal rslozr etccjm wxpqny,positive,tweet
worst service ever tw inqwhj ucjnyk cuccxh cfsbcx,negative,tweet
love this update happy tw zvkvlw crrjjf wwwufz lqhdgz,positive,tweet
perfect fit and great material rv sdtoza cwifnv eagobq orfdcn,positive,review
five stars would buy again rv qnetxp xgsvru yqsidh fdayso,positive,review
arrived damaged and late rv dnevtc xbxqph tefdsr hmsczk,negative,review
love this update happy tw woulcq wmxzqt fmrmby fksvef,positive,tweet
this is unacceptable tw nlvabi eljzqv yrecwi exgnsc,negative,tweet
love this update happy tw jvlvew ufqrwu kwdylr pssvwn,positive,tweet
best day ever blessed tw kglknb shxeai rssxnj egkhms,positive,tweet
weather looks okay today tw dblatw ewxfec ndbouw bkdrig,neutral,tweet
five stars would buy again rv szwkmm yrjwiq xxehph ugosyc,positive,review
poor quality and misleading description rv okkrec fmfnig tlmpuq ijxmao,negative,review
so proud of everyone today winning tw kuchlh xjnzkl isjodp busstc,positive,tweet
this is unacceptable tw qcfoyq mrymmt igfafs gswazq,negative,tweet
perfect fit and great material rv hvbqop soueio telwxi eecqrh,positive,review
this is unacceptable tw dcgtay jgrgub hicssb szpbbk,negative,tweet
packaging was standard rv ysjcbc afupnb pzrdvt kdmjqi,neutral,review
terrible experience today tw plkjdd vavrye klxzlx ysqtlh,negative,tweet
five stars would buy again rv irgzdj xpqsyw dcptoe ynsttt,positive,review
best day ever blessed tw teicjc qgzerk msuyuv ucjwnx,positive,tweet
best day ever blessed tw ndrlyg ojoidc fzvjww tbgkec,positive,tweet
neutral experience overall rv zgcwum mjpslu ceosqg dfyyie,neutral,review
it works as described rv opttcd vgzosz rhawjy koneoi,neutral,review
meeting at pm work tw hipjle jkxlxk ojnsmy naymbn,neutral,tweet
average product for the category rv dimzso uwdixp vspxzz whjdrl,neutral,review
love this update happy tw edmlzk rlyegt qmqbbb ewkzpq,positive,tweet
terrible experience today tw ueluxs kowzei zyvjmc upmptv,negative,tweet
stopped working after two days rv jbaicb xyriot zdhlzd wdhlva,negative,review
reading the news tw lmdggo cvrjji sbxfsk bemjqb,neutral,tweet
not happy with this outcome angry tw ieckef ymlkpn pwntzu kezuhm,negative,tweet
disappointed again fail tw oejxwm nvuxlz pzftgj wxcvpe,negative,tweet
worst service ever tw pwzzdw xqtfgs uuehde mbigen,negative,tweet
this is amazing work tw ifrihi ptklfp ngnwyl lmiofs,positive,tweet
average product for the category rv rdrtgb izmvdm hrqdnq pwrxlc,neutral,review
not happy with this outcome angry tw bvoxiu cfwasu zywjru durcgt,negative,tweet
this is unacceptable tw nuinfr owsyeg fmjrpb jsjprx,negative,tweet
it works as described rv aspfeq krwevl rkxilk dgtyds,neutral,review
not worth the money at all rv zvvejf vlgnta scehol hafris,negative,review
love this update happy tw offssv exxplb hyphci lhbvgq,positive,tweet
neutral experience overall rv gcvrew bywmqe zbjqdz wbshbl,neutral,review
packaging was standard rv wkskbq wgpjlw ymbdoa gtmdac,neutral,review
arrived damaged and late rv qbemlr swgvio ktorgh kjqqwg,negative,review
best day ever blessed tw dkggnw rxxriv jjhdbm srpebl,positive,tweet
this is amazing work tw usrwkm tqjoqt ndzwdu uyrxgn,positive,tweet
weather looks okay today tw faxdus avigff hxbxfg ggejob,neutral,tweet
worst service ever tw gdqdtl yrqhoy uvgibg dzevpp,negative,tweet
neutral experience overall rv ukwmbz hgqvpx rqvleq lxurtq,neutral,review
lunch was fine tw lmmtcy amevoc kxgdfy giklbn,neutral,tweet
stopped working after two days rv lxqehx jxikhq zkuvnl hkfgve,negative,review
arrived damaged and late rv xjwmsg nkmdrh gkwtpi uvromr,negative,review
worst service ever tw ladnpg cqqend paeyvi hpmljl,negative,tweet
train delayed as usual tw drwmll aupqim rkatky pyvjih,neutral,tweet
disappointed again fail tw mhgttc esupdz aeyjrz zcpdok,negative,tweet
disappointed again fail tw nozwtn tfoqnr omlhfn taspxh,negative,tweet
love this update happy tw emrwhq rvzlcm xbnaoc ksnsmw,positive,tweet
neutral experience overall rv whmxtj cfumjc amahfn yzolhc,neutral,review
terrible experience today tw zjgcnl fmmsha arutuh cogiwf,negative,tweet
delivery took about a week rv nxwcuo gijosv zjwyks fhkvdn,neutral,review
perfect fit and great material rv bkpjvr rhttxp ixdrln haeozl,positive,review
this is amazing work tw sucqim hqmllp zptaqe ofhcqu,positive,tweet
refund process was a nightmare rv scioxx qkfioj jeagkt ijdaxv,negative,review
disappointed again fail tw ojfzxn xnestc egjpqk csymca,negative,tweet
perfect fit and great material rv ydrgpk hbonrd afzjra vxwrlz,positive,review
poor quality and misleading description rv kftwkc mjwnwt ggxhkx negbgt,negative,review
reading the news tw ejqchf ugkvxo aochtq jrferk,neutral,tweet
amazing value for the price rv yxhlvy tufgwn dhgpxn akfhbi,positive,review
packaging was standard rv sktsll akkuhw umeswu codjql,neutral,review
packaging was standard rv fnzpeg gttavz pmdlab dcchtd,neutral,review
refund process was a nightmare rv atzsjd jplgtr twcgob kjuejk,negative,review
disappointed again fail tw iiiaxd tfsxev olzfiz whpfzq,negative,tweet
train delayed as usual tw pqxsyh bypinj xkebkw stnaiw,neutral,tweet
amazing value for the price rv bfvvva uzvuid rzchlv wytsqt,positive,review
neutral experience overall rv aqddxy iizclo frdwjw gwmccn,neutral,review
so proud of everyone today winning tw ujglbv gdhunk afzisd mzhabs,positive,tweet
this is amazing work tw ijihdx gkdxry wfggxp ixsyqt,positive,tweet
not worth the money at all rv glcqvg aelqlg inykrc lgtqyr,negative,review
weather looks okay today tw riezdx vngbvs badktx ijnhhh,neutral,tweet
five stars would buy again rv cooymy ghvjuu vxfpfa grrmvf,positive,review
delivery took about a week rv xvmyaq kkpycz zojtvb zlqjtx,neutral,review
reading the news tw qthkvv tluhqe vryaja lnvdew,neutral,tweet
five stars would buy again rv fhadwm bjtxqn ahpedw xuqmbb,positive,review
average product for the category rv olngcz zdeucg rwaprf rpryzb,neutral,review
not happy with this outcome angry tw knskuu zkpsvw qroojs ezjfzi,negative,tweet
disappointed again fail tw grjzek hbuzie qspgxc zpzvtc,negative,tweet
poor quality and misleading description rv djmzgs yjzyom fkuiex sufmwj,negative,review
excellent quality and fast shipping rv gsrhwi jrqgrj fkzhmz ujmerb,positive,review
refund process was a nightmare rv vpdrls ecemuq xjuqln hpccje,negative,review
this is amazing work tw vkkljg ytqpry uadvlo hutthb,positive,tweet
train delayed as usual tw lgjsnx oqeojd wwdonp iceixv,neutral,tweet
arrived damaged and late rv lpldfi pniaab mqokqz znzqej,negative,review
best day ever blessed tw unmnpm abrgxl akyqga vauxhh,positive,tweet
weather looks okay today tw uajybd jeiozg duxvza pfadcx,neutral,tweet
five stars would buy again rv bsqpgc fnpphc ztyfeo umvyao,positive,review
amazing value for the price rv svipkz omswxz ixyukg lhnlsp,positive,review
average product for the category rv uqxccu vxybky wyoagy stmygb,neutral,review
meeting at pm work tw pkrxgh sfbwln ookzmo ooeexy,neutral,tweet
reading the news tw hoswri iawspc xwegcm vmabpn,neutral,tweet
terrible experience today tw uoxgeb gaxshp mczruj przoab,negative,tweet
this is amazing work tw qbhgws pibcvi rsvbfk agseyw,positive,tweet
neutral experience overall rv nhxpzs iwyzce qyqmns dczeve,neutral,review
this is amazing work tw dcmdll tizbxo rdmcrj utlsgw,positive,tweet
packaging was standard rv rcdvxe vwuyhv tthgbf klsxqy,neutral,review
excellent quality and fast shipping rv bqkuqz zlxqqg xrfykw nwzpem,positive,review
so proud of everyone today winning tw ecfnin jpzcli hxuptt godeja,positive,tweet
meeting at pm work tw cxhjvu gxyxej bmwjfi esknhg,neutral,tweet
terrible experience today tw nkyjfg lnpprw zfwnlw smarzt,negative,tweet
packaging was standard rv xdsnpt pveate lcsebd rerxxl,neutral,review
meeting at pm work tw qqfikx eotwbv wkbjvu bjhggg,neutral,tweet
grateful for good news tw acuneo fbimkg okkymi ynicpa,positive,tweet
this is unacceptable tw qgwgjf yraxdg qwplws fovdfl,negative,tweet
perfect fit and great material rv cpjzef jaiwuv gfnddr tbbgjm,positive,review
stopped working after two days rv wbesck rlwvju fhhfjc mxlcrl,negative,review
love this update happy tw bahbpl mefbrz wxunhk hnxkic,positive,tweet
excellent quality and fast shipping rv ftcnvv xcpjmt bfsxqg dzaihx,positive,review
neutral experience overall rv jlwoji ggctzt pdzdvl hhhizs,neutral,review
average product for the category rv cipkns zaaucq ietzhg ktqxio,neutral,review
meeting at pm work tw qxqmpt fluesq kqlmpu fqpfpm,neutral,tweet
not worth the money at all rv snmvuz mrewta xlwelm ktslaq,negative,review
lunch was fine tw svekfg ymzfft vfkqpu tznyxi,neutral,tweet
terrible experience today tw eyequo yovoex kcztvt nmhmkr,negative,tweet
reading the news tw snvidy wprtsm tqvmbt dszuds,neutral,tweet
best day ever blessed tw guetik xzccmr mrkiqo azwtsq,positive,tweet
packaging was standard rv hdnznt mrpxvj ahgail iicamd,neutral,review
poor quality and misleading description rv tqsaef hpvsbb wzynki zwruuo,negative,review
excellent quality and fast shipping rv phekzs aazogt ocgyyb uoffcd,positive,review
worst service ever tw puaptb hwueaf ubjzdo tfscdd,negative,tweet
stopped working after two days rv uzwguj hynrpv pdknzs fexasi,negative,review
five stars would buy again rv yrubrr xamore dicoin qdzhkt,positive,review
lunch was fine tw gxfnby aulwkz tlkadp yqggek,neutral,tweet
worst service ever tw ohiucl cjqqru czihdd clbrgk,negative,tweet
not happy with this outcome angry tw fzfmbc nwjksx oyvotz ikzfgf,negative,tweet
neutral experience overall rv nxuqmu vybmuo hjpnpc jssvrn,neutral,review
not worth the money at all rv uniatr sdagsb sdfbzx huaele,negative,review
grateful for good news tw vwwtsz rfoxsl bcyjkl mcynrc,positive,tweet
arrived damaged and late rv fxhzqp uhlcrx vwynnj ppjdgc,negative,review
packaging was standard rv bnewoi kmntrh vturls ubpiet,neutral,review
disappointed again fail tw mdhnxp iywyss iyzzum lpvtmp,negative,tweet
disappointed again fail tw zffjaf vsutbd klpttr afqxid,negative,tweet
best day ever blessed tw lprhzc ojlnie jaaqye ljpraw,positive,tweet
it works as described rv wwdatc esiixh xdziwu zciazr,neutral,review
weather looks okay today tw avckhj gheity xzdugl posuax,neutral,tweet
best day ever blessed tw tzwjnt kiqstl etspqx uppzft,positive,tweet
customer service resolved everything quickly rv khiriq niobqf dhsqnk infewa,positive,review
neutral experience overall rv koqyhv pknvzr cmpqjg jvbpwg,neutral,review
average product for the category rv awdpaw qyxvmp dlfbpo udxbpj,neutral,review
arrived damaged and late rv fqijeg jpvcts qetazv pkkcki,negative,review
average product for the category rv iwzmnx bhgepg zstpid ktezbw,neutral,review
love this update happy tw gqaxwc crjxrs llihtg omsaif,positive,tweet
arrived damaged and late rv hkwnhv tsryde pixgtu eekykd,negative,review
not worth the money at all rv wepebu kxgmwz jtscdt wewqln,negative,review
so proud of everyone today winning tw awihjc mvxkcr fpklgs ifxvgp,positive,tweet
packaging was standard rv cghoyt yhoznz ymxsyz vtomrd,neutral,review
reading the news tw oafdni yrwpxd ebnawf ceqqmn,neutral,tweet
reading the news tw vohteb dxxglu yyjvne wcfpma,neutral,tweet
five stars would buy again rv snbenw nomukf ofrujl gspitx,positive,review
refund process was a nightmare rv jwjkhq cdraur dwrtml ulqgjj,negative,review
excellent quality and fast shipping rv hovxze unftxj vyfbnm ckvitq,positive,review
packaging was standard rv xmnskj ecxywp wwlnep kfqaad,neutral,review
not worth the money at all rv ahsnzt njkgkt dpmkbi odzrqg,negative,review
disappointed again fail tw pdxedl cgjffx qisvsg saqysf,negative,tweet
so proud of everyone today winning tw lfutbs uvumyk zndadi hqxqrs,positive,tweet
weather looks okay today tw mggklm ihwjhm tpavsh uwcowz,neutral,tweet
it works as described rv ipnasn waunio ewuikf logoro,neutral,review
customer service resolved everything quickly rv cmxihk ystazb syhprc ivnbjp,positive,review
not worth the money at all rv hsfmmt gpamhe lybgdh sfqbjr,negative,review
stopped working after two days rv qpttvx hqiwii bjlqrg dcjcjp,negative,review
lunch was fine tw cafucp srfdug iqnfsr kxpzxv,neutral,tweet
poor quality and misleading description rv ytbpmw hjdlgl soodbv bddkui,negative,review
terrible experience today tw jzhaba yzzgrt mvvxar pbmymw,negative,tweet
arrived damaged and late rv irnzkn lqxdrt rvdanc pguzvw,negative,review
so proud of everyone today winning tw stpbfi mettvw mbmkwh bxpila,positive,tweet
so proud of everyone today winning tw eabhpt yconus gwwmpm heuway,positive,tweet
neutral experience overall rv mqqcii stbqbg zkqmfj xbvloi,neutral,review
poor quality and misleading description rv qiyrzx gjyvtf pmnrbs uqyinu,negative,review
average product for the category rv tqtbrr uqwcsm vnjzlf gdsdvs,neutral,review
it works as described rv sqhiqi tevwwn pxjron vftnlb,neutral,review
lunch was fine tw bnghnt trotlz aytyuq fecbiz,neutral,tweet
average product for the category rv ssfmum lgxmwd xtpuoh dogsjy,neutral,review
not worth the money at all rv zmzinx cjsoik tpusgd qgswys,negative,review
stopped working after two days rv prqccs gqwwsu ssbmqf wbdygu,negative,review
five stars would buy again rv cbrobq fmtpzd yqzfgm bdapde,positive,review
average product for the category rv ivaygs atqivm qlxnan mxsxtf,neutral,review
five stars would buy again rv dueeyi roasxx rpexmi sngffl,positive,review
this is amazing work tw kyovos apdicm uzhvwh zknlqr,positive,tweet
best day ever blessed tw dzdpgt gyiqgl wnjfbr pgwpkh,positive,tweet
excellent quality and fast shipping rv xehooo esnmvk nggoad ibubyu,positive,review
grateful for good news tw xghxhi ghghtl eyddcv vptayr,positive,tweet
not happy with this outcome angry tw npjjpc ynhtex qfhiyd iwhvng,negative,tweet
refund process was a nightmare rv dxqmnt ixbqny zlzjfj hxrfmt,negative,review
this is unacceptable tw qjlypn kfdgeq hgzrtw qrwrwy,negative,tweet
this is amazing work tw pkhaim hoyikj sxsaiu lwhbvd,positive,tweet
grateful for good news tw eciyzn kzqiaj xjssvp eorplk,positive,tweet
perfect fit and great material rv brkykd bpuwjx avtdhd cdoyqm,positive,review
poor quality and misleading description rv gcoycj mxctsk xhsinz pzmnen,negative,review
neutral experience overall rv ybquqy xnwwyn yzshfb pzzywb,neutral,review
stopped working after two days rv dexmym yorhal lpgodg rqpxjb,negative,review
neutral experience overall rv mewewh bzoavn ktiqak hdmbew,neutral,review
grateful for good news tw pmdhpu tcqalk emsnlr vfypyc,positive,tweet
worst service ever tw wlcfjc rshqtq jmtbrw dspiua,negative,tweet
amazing value for the price rv obpjwb zuhtel dsttiw lftkxy,positive,review
this is unacceptable tw edwwem xawnlb wdvscp tfaele,negative,tweet
perfect fit and great material rv mjvtgj yxagws daileb gnbqtw,positive,review
amazing value for the price rv wofgqn xwicua atkhqk ukpxif,positive,review
refund process was a nightmare rv ojiaqq byynpb qxtrpb tfbvwd,negative,review
this is amazing work tw pzngdd vnlnno xbvuud bmxkzd,positive,tweet
excellent quality and fast shipping rv sxsynj fmbhhn vzfzaw eollqf,positive,review
disappointed again fail tw obeapv bdmbcn mfwtsu wwotlj,negative,tweet
delivery took about a week rv mbaqkx qtjtmc ofdlbk yeaulx,neutral,review
love this update happy tw lfmppe fghbny ainhxv gygcfo,positive,tweet
refund process was a nightmare rv zhzbwe zwvxco xrdnpq amumui,negative,review
weather looks okay today tw uuonzd deiysy zdxfln vkehzp,neutral,tweet
stopped working after two days rv yemlks jntrsa neheox ehupdo,negative,review
terrible experience today tw sxokwd xpbevr djamth olckbt,negative,tweet
terrible experience today tw kymflz xvzrrt mpseia vqweve,negative,tweet
average product for the category rv luzxhi oikubw ueiayl hopftu,neutral,review
perfect fit and great material rv ebwfdp ybpkjq lgjuwz nlkpzs,positive,review
excellent quality and fast shipping rv rclzfp rpgajr nfkvck fdowjn,positive,review
not happy with this outcome angry tw cszaxh wnchgf kjcuud apnzas,negative,tweet
train delayed as usual tw yqdqmz pbfjja huywhb ixdzmu,neutral,tweet
grateful for good news tw muiyrt btbvdu abwdno mdripw,positive,tweet
train delayed as usual tw fxhvwz kpdkxz lrmqvm hslxnw,neutral,tweet
perfect fit and great material rv swepdi oveimh bzcxtr xmwifi,positive,review
arrived damaged and late rv tkbwsa icuqxs qknmwi gbdmku,negative,review
poor quality and misleading description rv eacpvl huaotn ndqnsk peyyux,negative,review
delivery took about a week rv bgexmv ilfloh hatwyb oyyiyy,neutral,review
reading the news tw wwepcc eedqfw hcyllk cnkycp,neutral,tweet
neutral experience overall rv wvqwxx acfnsr bjinwn lqskex,neutral,review
amazing value for the price rv uymkjg aqvxzs ukfhde bfdscl,positive,review
neutral experience overall rv vmstby vvwrmp egvgcb iviqdp,neutral,review
delivery took about a week rv psxebn zehdzj vktnrv wqwtda,neutral,review
customer service resolved everything quickly rv ehrzzl bffrti nmkfoy kxyyfg,positive,review
excellent quality and fast shipping rv uunxdj hoqqii gobmxm cryoul,positive,review
train delayed as usual tw mrbqnu zmwerc gofdyi hhbuvr,neutral,tweet
worst service ever tw vfwsdm wbhfiu rjvcwx xgpnyr,negative,tweet
weather looks okay today tw xyniwz isgumv tssldm ptghkb,neutral,tweet
disappointed again fail tw uummfb zlungi ddclty kahjfr,negative,tweet
disappointed again fail tw zrtkms bpaknf naqkmi cddrfj,negative,tweet
not happy with this outcome angry tw egahzj oprnnu bgfiea izzivr,negative,tweet
this is amazing work tw lkvdns jzxwua tpiuzy sshxbs,positive,tweet
refund process was a nightmare rv jhfyun yztrgv uijhxn twkrbl,negative,review
refund process was a nightmare rv jjcswy diozsx blhjoe rhslcx,negative,review
disappointed again fail tw kjqfci lwynlu vheyyq nzhezn,negative,tweet
train delayed as usual tw mjumfl ylyjbf mzhxvl krvfjg,neutral,tweet
average product for the category rv whivep wdxrmm xselke tubkat,neutral,review
customer service resolved everything quickly rv lvqlfh urmbzy zybgai jhmucs,positive,review
best day ever blessed tw uepbeq skdodq oaxenu ecpzik,positive,tweet
arrived damaged and late rv xqnavd mpvjis xvfgjw gltuns,negative,review
not happy with this outcome angry tw kbkzxb mdgzuv qovrex shcbxe,negative,tweet
delivery took about a week rv oeitwb geehip pcjnzt kbshwl,neutral,review
poor quality and misleading description rv evunqc lysjyo wiyoal whccbl,negative,review
meeting at pm work tw tohynh rhdqfr vknakh syoxap,neutral,tweet
weather looks okay today tw ybvqyg ygxkbs aekifl ogubmm,neutral,tweet
train delayed as usual tw dxxjuh gtzukf uzplhm pwisor,neutral,tweet
stopped working after two days rv xyunhn ahrsvv vcuwph xmtaox,negative,review
excellent quality and fast shipping rv geqetz haeaek msdgga hahgin,positive,review
best day ever blessed tw oetqek tkfmtx jskqqr pwsjpa,positive,tweet
stopped working after two days rv khtpva ppilwi jpxwzb rvvyeu,negative,review
disappointed again fail tw utrgoh kigsuz ymeohx xnlepc,negative,tweet
excellent quality and fast shipping rv ncxbxl hzobse gbbocz nskvaa,positive,review
meeting at pm work tw hvrnxt wwiqju ejtkxt qrucuc,neutral,tweet
best day ever blessed tw xdygug ivcfhf rcfano wtpjbh,positive,tweet
terrible experience today tw zaoqks gddatw cszgse uqilnp,negative,tweet
so proud of everyone today winning tw juwvme twcjrm uzkevw xvqcuv,positive,tweet
perfect fit and great material rv mdlurh rvrufw cpvzun wyiriy,positive,review
excellent quality and fast shipping rv jftbin zcpkkd qroacp ttsgfj,positive,review
stopped working after two days rv xhbiwh uonnch ynmfru aqzzce,negative,review
delivery took about a week rv pcpara ujtetg wfyrwz lapwdt,neutral,review
so proud of everyone today winning tw lqqzxi flexyi xdyakz niqciw,positive,tweet
reading the news tw bhvsim iaqhbh ohmanb czzirr,neutral,tweet
this is amazing work tw axtgos nmawgg iywzzc sdzrfl,positive,tweet
customer service resolved everything quickly rv hycteo tondoq wdlsns ruhrwj,positive,review
train delayed as usual tw stnkar zzemsy lrvenv iczrms,neutral,tweet
customer service resolved everything quickly rv boxniv roxydp uuwpki ndtztf,positive,review
average product for the category rv sjtstz xujzik ovuviz jidbom,neutral,review
it works as described rv dfgsep qrjyip utbsrm zgncke,neutral,review
train delayed as usual tw yqiczl nuared hoddrw jeljon,neutral,tweet
this is unacceptable tw yvniiu fcecim cjwonq gvifbc,negative,tweet
love this update happy tw lvyxvu zwitpg hirjhj yjwgww,positive,tweet
lunch was fine tw mysdhy ubsrca upsumj vtmoxh,neutral,tweet
packaging was standard rv qiqcoa uhmzda bozoay copyhu,neutral,review
terrible experience today tw bljmnt veolqt klcvnq oivbtu,negative,tweet
grateful for good news tw ufssef vtxtks bacbuy siugys,positive,tweet
worst service ever tw ivijzn vhanba aezlqx tkkfsn,negative,tweet
perfect fit and great material rv zfdecc bdqoqb hwlwrn zxtbvc,positive,review
not worth the money at all rv ndvssu pdmlwt nlymmy onjbtt,negative,review
excellent quality and fast shipping rv jtyvtx oslofr lypkuw slyqeq,positive,review
customer service resolved everything quickly rv hglhzt bwaukr kynclu jovhcu,positive,review
neutral experience overall rv gjqois gtcnvm azdsdb tajrqn,neutral,review
packaging was standard rv eqrguz sbhtot tovvqg vgcwla,neutral,review
perfect fit and great material rv vmhsxp vlmckx izpblk isczfu,positive,review
poor quality and misleading description rv qatmik zrhpix iskspk echlug,negative,review
packaging was standard rv gvtuca nlohzk cpjkim sgywwl,neutral,review
stopped working after two days rv quqnkg qykvtz bmpygs ngjvfw,negative,review
not happy with this outcome angry tw pckats omquxh qswaha tydjhx,negative,tweet
this is amazing work tw jszjxt holspy ygxryz heanah,positive,tweet
packaging was standard rv qqgcfu ohwnly jrlefa peacto,neutral,review
neutral experience overall rv kxaqse uijnwj bhkaon tllzlt,neutral,review
this is amazing work tw zbqdoo bhqrmx brmqyu bgjomj,positive,tweet
delivery took about a week rv urdwsg oxnqjy dryipc imvefa,neutral,review
amazing value for the price rv rfmajc raysle czolkq kdopoj,positive,review
reading the news tw eikgap mfjrih gptxpn nfpvbl,neutral,tweet
not worth the money at all rv dxazjr bfquhk wickrt yftvbt,negative,review
worst service ever tw xxmuuz rnzhhi djcdck xsgxds,negative,tweet
customer service resolved everything quickly rv hgdqgn czcwgh uqtfnb qpqrfz,positive,review
customer service resolved everything quickly rv rqbwby ykhpry zwtgcr mteqsp,positive,review
this is unacceptable tw mqnqkb oildbu mxngjg mftiqt,negative,tweet
perfect fit and great material rv omtqdw sqprbt xeypai lehqqr,positive,review
not happy with this outcome angry tw izbuhg rdaulu tlkcwr ixentj,negative,tweet
stopped working after two days rv dvufpb mkthic bibmxv esdcro,negative,review
terrible experience today tw gdlxze bhwouy odapbi ismjcb,negative,tweet
stopped working after two days rv pnksck gqebdd yivamz lfwnmj,negative,review
poor quality and misleading description rv eyuysr kxhejg wympse jdkpcf,negative,review
arrived damaged and late rv nmqccg gtpgno apwedp vhwjaw,negative,review
delivery took about a week rv jwwcpc augwrs ctdqzy pjbkad,neutral,review
best day ever blessed tw bhbobl wgiloq mudvah lptofp,positive,tweet
this is unacceptable tw mdnlln lbvhhh ujscwc jdkfar,negative,tweet
average product for the category rv hmbmja biojqm otjrmy uusqsi,neutral,review
average product for the category rv wrwlrw nucxqq qcpqmb wzedls,neutral,review
so proud of everyone today winning tw rttxtj ywavjg qtqgxm jubzzh,positive,tweet
customer service resolved everything quickly rv zfbicu fhctbx ulooea iyicab,positive,review
love this update happy tw zikitw iraqgc hxnpry hwpuwp,positive,tweet
delivery took about a week rv iziyxt uqcech abvxrq euygqj,neutral,review
grateful for good news tw jtgwkg vuiqpi bcunib akyeui,positive,tweet
train delayed as usual tw tdlddi ykkdfs gszchb ijyryr,neutral,tweet
arrived damaged and late rv ztmvlh tvdmbu ppabja shzawj,negative,review
love this update happy tw ascaig bbzmqj uwqynn wmcurr,positive,tweet
this is amazing work tw hwjgad aouzdx gztnnb klrzug,positive,tweet
this is unacceptable tw dlpfbd quksne uxmhbd hmpjwt,negative,tweet
customer service resolved everything quickly rv nqzoii vuvpbd pgufuv awqnzk,positive,review
delivery took about a week rv oltvav bydoxb moszui sbprnw,neutral,review
customer service resolved everything quickly rv ampwzd refxfn npsuiy ctayqo,positive,review
reading the news tw ycgfky hfmusj tnqujg nilxhq,neutral,tweet
lunch was fine tw vcksyl wvtvcs ixkolx zplpjy,neutral,tweet
five stars would buy again rv zcjbxh rjkuhu csqybz pinzyy,positive,review
poor quality and misleading description rv hwyniq ycwroz lyivah mwiqre,negative,review
five stars would buy again rv kvgkxh pzzzqb dqsdln vpgjim,positive,review
customer service resolved everything quickly rv sxfesj dckyng beskky vwsmhn,positive,review
not happy with this outcome angry tw dwbozo yddztt zdrbqd fudglf,negative,tweet
train delayed as usual tw vczvkq dazezy dhcflc eszhyc,neutral,tweet
terrible experience today tw kjqwdi wspugp jwmbzk ewgxzh,negative,tweet
average product for the category rv msfegg wwqkja hgnsst kerkvy,neutral,review
reading the news tw blfmgl cbbzim fpovmz wkoekx,neutral,tweet
train delayed as usual tw snqpwe ekqsgp xbzurk vqamuf,neutral,tweet
customer service resolved everything quickly rv mukttl hbawvn ffdfej fyzonp,positive,review
so proud of everyone today winning tw rluwak ayvmxx jdgqhn pbewic,positive,tweet
excellent quality and fast shipping rv bmhuzx pzhcud rbimvz pidhap,positive,review
it works as described rv hbtycw iubdvk eohdwd yoffmj,neutral,review
average product for the category rv otvfnj akgweu ogutnq qltgix,neutral,review
